"","siteid","customerid","subscriptionid","planid","quantity","source","addressid","brand","productid","billingmethod","pricingsource"
"1",5110,4547606,1931842,31637,1,"Renewal",2526735,"ANG",2195,"send_invoice","MP"
"2",5110,4547858,1932050,31637,1,"Renewal",2527815,"ANG",2195,"send_invoice","MP"
"3",5110,4548807,1933820,31622,1,"Renewal",2533079,"ANG",2195,"send_invoice","MP"
"4",5110,4549411,1935089,31637,1,"Renewal",2536349,"ANG",2195,"send_invoice","MP"
"5",5110,4549833,1935902,31637,1,"Renewal",2538767,"ANG",2195,"send_invoice","MP"
"6",5110,4550145,1936547,31637,1,"Renewal",2540735,"ANG",2195,"send_invoice","MP"
"7",5110,4550925,1937536,31469,1,"Renewal",2543668,"ANG",2194,"send_invoice","MP"
"8",5110,4551370,1938076,31637,1,"Renewal",2545303,"ANG",2195,"send_invoice","MP"
"9",5110,4545057,1938370,31637,1,"Renewal",2516996,"ANG",2195,"send_invoice","MP"
"10",5110,4551663,1939163,31462,1,"Renewal",2546573,"ANG",2194,"send_invoice","MP"
"11",5110,4545438,1939615,31637,1,"Renewal",2518776,"ANG",2195,"send_invoice","MP"
"12",5110,4552073,1939816,31470,1,"Renewal",2548268,"ANG",2194,"send_invoice","MP"
"13",5110,4550925,1939831,31563,1,"Renewal",2543668,"ANG",2196,"send_invoice","MP"
"14",5110,4553918,1943672,31610,1,"Renewal",2557731,"ANG",2195,"send_invoice","MP"
"15",5110,4556141,1947189,31560,1,"Renewal",2565954,"ANG",2196,"send_invoice","MP"
"16",5110,4527518,1947516,31637,1,"Renewal",2559052,"ANG",2195,"send_invoice","MP"
"17",5110,4557494,1948789,31610,1,"Renewal",2570571,"ANG",2195,"send_invoice","MP"
"18",5110,4558867,1951778,31637,1,"Renewal",2577267,"ANG",2195,"send_invoice","MP"
"19",5110,4558868,1951780,31472,1,"Renewal",2577256,"ANG",2194,"send_invoice","MP"
"20",5110,4532836,1951796,31472,1,"Renewal",2577297,"ANG",2194,"send_invoice","MP"
"21",5110,4558873,1951814,31472,1,"Renewal",2577348,"ANG",2194,"send_invoice","MP"
"22",5110,4553939,1951850,31472,1,"Renewal",2557792,"ANG",2194,"send_invoice","MP"
"23",5110,4530107,1951855,31472,1,"Renewal",2569064,"ANG",2194,"send_invoice","MP"
"24",5110,4558888,1951866,31462,1,"Renewal",2577426,"ANG",2194,"send_invoice","MP"
"25",5110,4558889,1951872,31472,1,"Renewal",2577407,"ANG",2194,"send_invoice","MP"
"26",5110,4561073,1957380,31472,1,"Renewal",2588457,"ANG",2194,"send_invoice","MP"
"27",5110,4553518,1957392,31476,1,"Renewal",2555623,"ANG",2194,"send_invoice","MP"
"28",5110,4561092,1957420,31472,1,"Renewal",2588529,"ANG",2194,"send_invoice","MP"
"29",5110,4561085,1957428,31637,1,"Renewal",2588546,"ANG",2195,"send_invoice","MP"
"30",5110,4561089,1957443,31560,1,"Renewal",2588581,"ANG",2196,"send_invoice","MP"
"31",5110,4549633,1974611,31591,1,"Renewal",2537677,"ANG",2197,"send_invoice","MP"
"32",5110,4551369,1974643,31591,1,"Renewal",2545332,"ANG",2197,"send_invoice","MP"
"33",5110,4553698,1974684,31591,1,"Renewal",2556564,"ANG",2197,"send_invoice","MP"
